Current,Voltage,Time
0.9783882783882785,0.010476190476190476,0
1.9799999999999998,0.010476190476190476,1
1.9799999999999998,0.012893772893772894,2
1.9783882783882785,0.012893772893772894,3
1.9783882783882785,0.012893772893772894,4
1.979194139194139,0.014505494505494505,5
1.9808058608058607,0.01611721611721612,6
1.9864468864468865,0.016923076923076923,7
1.988058608058608,0.018534798534798533,8
1.979194139194139,0.016923076923076923,9
1.9808058608058607,0.019340659340659337,10
1.979194139194139,0.02095238095238095,11
1.979194139194139,0.02095238095238095,12
1.9808058608058607,0.021758241758241755,13
1.9808058608058607,0.021758241758241755,14
1.9799999999999998,0.023369963369963366,15
1.9767765567765567,0.023369963369963366,16
1.983223443223443,0.024175824175824177,17
1.9799999999999998,0.02498168498168498,18
1.979194139194139,0.027399267399267395,19
1.984029304029304,0.027399267399267395,20
1.9816117216117215,0.029816849816849816,21
1.9856410256410255,0.028205128205128206,22
1.9848351648351648,0.029816849816849816,23
1.9896703296703295,0.03062271062271062,24
1.9856410256410255,0.03304029304029304,25
1.979194139194139,0.03223443223443224,26
1.9824175824175825,0.03304029304029304,27
1.9856410256410255,0.033846153846153845,28
1.987252747252747,0.03465201465201465,29
1.9848351648351648,0.03626373626373627,30
1.9824175824175825,0.03706959706959707,31
1.9816117216117215,0.03948717948717948,32
1.9896703296703295,0.040293040293040296,33
1.9848351648351648,0.038681318681318674,34
1.9888644688644688,0.0427106227106227,35
1.984029304029304,0.0427106227106227,36
1.9896703296703295,0.044322344322344324,37
1.9928937728937728,0.04351648351648351,38
1.9848351648351648,0.045128205128205125,39
1.987252747252747,0.04673992673992673,40
1.984029304029304,0.045128205128205125,41
1.984029304029304,0.04673992673992673,42
1.9856410256410255,0.04593406593406593,43
1.988058608058608,0.049157509157509154,44
1.9856410256410255,0.04996336996336996,45
1.9928937728937728,0.051575091575091575,46
1.987252747252747,0.05076923076923076,47
1.9936996336996335,0.05318681318681318,48
1.9888644688644688,0.05238095238095238,49
1.9856410256410255,0.05479853479853479,50
1.9848351648351648,0.05399267399267399,51
1.9888644688644688,0.05721611721611721,52
1.9985347985347985,0.05721611721611721,53
1.991282051282051,0.058827838827838826,54
1.9896703296703295,0.05802197802197802,55
1.9856410256410255,0.058827838827838826,56
1.9848351648351648,0.06124542124542124,57
1.9904761904761905,0.06124542124542124,58
1.9928937728937728,0.06285714285714285,59
1.9888644688644688,0.06366300366300366,60
1.9856410256410255,0.06446886446886448,61
1.9945054945054945,0.06527472527472528,62
1.992087912087912,0.06527472527472528,63
1.9896703296703295,0.06769230769230769,64
1.992087912087912,0.06769230769230769,65
1.9928937728937728,0.0701098901098901,66
1.996117216117216,0.0693040293040293,67
1.9904761904761905,0.0709157509157509,68
1.9888644688644688,0.07333333333333333,69
1.9904761904761905,0.07172161172161172,70
1.9896703296703295,0.07172161172161172,71
1.9896703296703295,0.07413919413919413,72
1.9928937728937728,0.07736263736263735,73
1.9945054945054945,0.07736263736263735,74
1.9928937728937728,0.07655677655677656,75
1.9936996336996335,0.07816849816849816,76
1.9864468864468865,0.07897435897435896,77
1.9904761904761905,0.08300366300366299,78
1.9864468864468865,0.08058608058608059,79
1.9864468864468865,0.08219780219780219,80
1.9904761904761905,0.08300366300366299,81
1.991282051282051,0.08461538461538462,82
1.9848351648351648,0.08461538461538462,83
1.991282051282051,0.08783882783882783,84
1.9977289377289378,0.08783882783882783,85
1.9928937728937728,0.08864468864468865,86
1.9896703296703295,0.08945054945054944,87
1.9945054945054945,0.09106227106227106,88
1.991282051282051,0.09106227106227106,89
1.9969230769230768,0.09106227106227106,90
1.996117216117216,0.09267399267399268,91
1.988058608058608,0.09428571428571428,92
1.9945054945054945,0.09509157509157509,93
1.9904761904761905,0.09589743589743589,94
1.9928937728937728,0.09589743589743589,95
1.9864468864468865,0.09750915750915749,96
1.9928937728937728,0.09831501831501831,97
1.9936996336996335,0.09912087912087912,98
1.9896703296703295,0.10073260073260074,99
2.0017582417582416,0.10153846153846152,100
1.991282051282051,0.10153846153846152,101
1.9848351648351648,0.10556776556776555,102
1.9977289377289378,0.10395604395604395,103
1.9936996336996335,0.10476190476190476,104
1.9945054945054945,0.10717948717948718,105
1.995311355311355,0.1087912087912088,106
1.9969230769230768,0.10798534798534798,107
1.9928937728937728,0.10959706959706958,108
1.9936996336996335,0.1104029304029304,109
1.9945054945054945,0.11120879120879121,110
1.9808058608058607,0.11282051282051282,111
1.9856410256410255,0.11201465201465201,112
1.9904761904761905,0.11362637362637361,113
1.9864468864468865,0.11443223443223442,114
1.9888644688644688,0.11604395604395604,115
1.992087912087912,0.11684981684981685,116
1.9856410256410255,0.11765567765567765,117
1.996117216117216,0.12087912087912088,118
1.9977289377289378,0.12007326007326007,119
1.9945054945054945,0.12168498168498168,120
1.991282051282051,0.12249084249084248,121
2.000952380952381,0.12249084249084248,122
1.995311355311355,0.1241025641025641,123
1.995311355311355,0.12490842490842491,124
1.9945054945054945,0.1257142857142857,125
1.9985347985347985,0.1281318681318681,126
1.9985347985347985,0.12974358974358974,127
1.9936996336996335,0.12974358974358974,128
1.9896703296703295,0.12974358974358974,129
1.9888644688644688,0.13135531135531134,130
1.995311355311355,0.13377289377289375,131
1.991282051282051,0.1345787545787546,132
1.999340659340659,0.1345787545787546,133
1.9977289377289378,0.136996336996337,134
1.988058608058608,0.13619047619047617,135
1.999340659340659,0.1394139194139194,136
2.004981684981685,0.1386080586080586,137
2.004175824175824,0.1402197802197802,138
1.995311355311355,0.14102564102564102,139
1.995311355311355,0.1418315018315018,140
1.9977289377289378,0.14263736263736265,141
1.9904761904761905,0.14344322344322344,142
2.0025641025641026,0.14424908424908423,143
1.9985347985347985,0.14666666666666667,144
1.995311355311355,0.14747252747252745,145
1.996117216117216,0.14747252747252745,146
1.999340659340659,0.14908424908424908,147
2.0017582417582416,0.14827838827838827,148
1.991282051282051,0.1506959706959707,149
1.9945054945054945,0.15230769230769228,150
2.004981684981685,0.1539194139194139,151
2.0057875457875456,0.15311355311355312,152
2.00014652014652,0.1539194139194139,153
1.999340659340659,0.15553113553113554,154
2.00014652014652,0.15714285714285714,155
1.991282051282051,0.15875457875457874,156
2.0025641025641026,0.15875457875457874,157
1.9928937728937728,0.15956043956043955,158
1.9928937728937728,0.16036630036630034,159
1.999340659340659,0.16278388278388276,160
2.000952380952381,0.16278388278388276,161
1.996117216117216,0.1635897435897436,162
1.995311355311355,0.1635897435897436,163
1.9969230769230768,0.1652014652014652,164
1.9969230769230768,0.16600732600732598,165
1.9977289377289378,0.1668131868131868,166
2.00014652014652,0.16923076923076924,167
1.996117216117216,0.16923076923076924,168
1.9977289377289378,0.16923076923076924,169
1.996117216117216,0.1676190476190476,170
2.0025641025641026,0.17245421245421244,171
2.003369963369963,0.17245421245421244,172
1.999340659340659,0.17487179487179486,173
1.9985347985347985,0.17406593406593404,174
1.9969230769230768,0.17487179487179486,175
1.9977289377289378,0.17809523809523808,176
2.00014652014652,0.1772893772893773,177
1.996117216117216,0.17809523809523808,178
1.9985347985347985,0.1797069597069597,179
2.004981684981685,0.1813186813186813,180
1.996117216117216,0.18373626373626373,181
1.9985347985347985,0.18212454212454213,182
1.9977289377289378,0.18212454212454213,183
1.9969230769230768,0.18534798534798536,184
1.9985347985347985,0.18695970695970693,185
2.0017582417582416,0.18615384615384614,186
1.9969230769230768,0.18857142857142856,187
1.9969230769230768,0.18857142857142856,188
1.9977289377289378,0.18857142857142856,189
2.000952380952381,0.18776556776556777,190
2.0025641025641026,0.19098901098901097,191
2.0057875457875456,0.1934065934065934,192
2.0057875457875456,0.19582417582417583,193
2.0025641025641026,0.19260073260073257,194
2.000952380952381,0.19501831501831499,195
1.999340659340659,0.19582417582417583,196
1.999340659340659,0.19824175824175824,197
2.004175824175824,0.19985347985347984,198
1.996117216117216,0.19904761904761903,199
2.007399267399267,0.20065934065934063,200
2.000952380952381,0.20146520146520147,201
1.9977289377289378,0.20307692307692304,202
1.996117216117216,0.20468864468864467,203
1.996117216117216,0.20549450549450549,204
2.0017582417582416,0.2063003663003663,205
1.999340659340659,0.20468864468864467,206
1.996117216117216,0.2063003663003663,207
2.00014652014652,0.20871794871794871,208
2.000952380952381,0.20871794871794871,209
1.999340659340659,0.2111355311355311,210
2.0025641025641026,0.21194139194139194,211
2.0057875457875456,0.20952380952380953,212
1.9977289377289378,0.21194139194139194,213
2.004981684981685,0.21355311355311354,214
2.007399267399267,0.21597069597069596,215
2.004981684981685,0.21435897435897436,216
2.004981684981685,0.21597069597069596,217
2.007399267399267,0.2175824175824176,218
1.995311355311355,0.21838827838827837,219
2.003369963369963,0.21838827838827837,220
2.004175824175824,0.22,221
2.000952380952381,0.22,222
1.9945054945054945,0.22402930402930402,223
2.0065934065934066,0.22483516483516483,224
2.004981684981685,0.22402930402930402,225
2.008205128205128,0.22564102564102564,226
2.00014652014652,0.22805860805860806,227
1.9969230769230768,0.22886446886446885,228
2.0017582417582416,0.22805860805860806,229
1.9985347985347985,0.22886446886446885,230
1.9977289377289378,0.23128205128205126,231
2.003369963369963,0.23128205128205126,232
2.0017582417582416,0.23208791208791207,233
2.00014652014652,0.23208791208791207,234
2.007399267399267,0.2353113553113553,235
2.003369963369963,0.23611721611721612,236
2.0057875457875456,0.2353113553113553,237
2.0057875457875456,0.23611721611721612,238
2.0065934065934066,0.23853479853479853,239
2.0017582417582416,0.23934065934065932,240
2.009010989010989,0.24014652014652013,241
2.0025641025641026,0.24095238095238095,242
2.004175824175824,0.24175824175824176,243
1.9977289377289378,0.24256410256410255,244
2.004981684981685,0.24256410256410255,245
2.007399267399267,0.24336996336996336,246
2.007399267399267,0.24739926739926738,247
2.00014652014652,0.24578754578754577,248
2.0025641025641026,0.2465934065934066,249
2.0065934065934066,0.2482051282051282,250
2.0025641025641026,0.249010989010989,251
1.999340659340659,0.2514285714285714,252
2.012234432234432,0.2514285714285714,253
2.0057875457875456,0.24981684981684982,254
2.008205128205128,0.25465201465201465,255
2.008205128205128,0.2530402930402931,256
2.013040293040293,0.25465201465201465,257
2.0098168498168496,0.2562637362637362,258
2.004175824175824,0.25868131868131866,259
2.008205128205128,0.2570695970695971,260
2.009010989010989,0.2594871794871795,261
2.0065934065934066,0.26029304029304023,262
2.0106227106227106,0.26029304029304023,263
2.008205128205128,0.2627106227106227,264
2.013040293040293,0.26029304029304023,265
2.0162637362637366,0.2627106227106227,266
2.012234432234432,0.26593406593406593,267
2.0065934065934066,0.2675457875457875,268
2.0025641025641026,0.2675457875457875,269
2.0017582417582416,0.26593406593406593,270
2.004175824175824,0.2691575091575092,271
2.009010989010989,0.27076923076923076,272
2.0017582417582416,0.2691575091575092,273
2.0106227106227106,0.2683516483516483,274
2.004175824175824,0.2731868131868132,275
2.0098168498168496,0.2731868131868132,276
2.011428571428571,0.273992673992674,277
2.015457875457875,0.2731868131868132,278
2.0025641025641026,0.27641025641025635,279
1.999340659340659,0.2772161172161172,280
2.003369963369963,0.27802197802197803,281
2.003369963369963,0.2788278388278388,282
2.009010989010989,0.2804395604395604,283
2.000952380952381,0.2796336996336996,284
2.00014652014652,0.2836630036630036,285
2.007399267399267,0.28205128205128205,286
2.012234432234432,0.28205128205128205,287
2.0106227106227106,0.2852747252747253,288
2.015457875457875,0.28608058608058606,289
1.9977289377289378,0.28608058608058606,290
2.0057875457875456,0.28849816849816845,291
2.000952380952381,0.2893040293040293,292
2.004981684981685,0.2876923076923077,293
2.009010989010989,0.2917216117216117,294
2.0025641025641026,0.2893040293040293,295
2.004175824175824,0.2909157509157509,296
2.004981684981685,0.29413919413919415,297
1.9985347985347985,0.2949450549450549,298
2.009010989010989,0.2949450549450549,299
2.0106227106227106,0.2949450549450549,300
2.0106227106227106,0.29655677655677654,301
2.012234432234432,0.29978021978021974,302
2.017069597069597,0.30058608058608055,303
2.007399267399267,0.298974358974359,304
2.008205128205128,0.3013919413919414,305
2.008205128205128,0.303003663003663,306
2.0106227106227106,0.3038095238095238,307
2.0146520146520146,0.3038095238095238,308
2.017069597069597,0.30542124542124544,309
2.0138461538461536,0.307032967032967,310
2.0146520146520146,0.30542124542124544,311
2.008205128205128,0.30864468864468864,312
2.0106227106227106,0.30864468864468864,313
2.009010989010989,0.31025641025641026,314
2.007399267399267,0.31025641025641026,315
2.007399267399267,0.31186813186813184,316
2.012234432234432,0.31267399267399265,317
2.015457875457875,0.3142857142857143,318
2.012234432234432,0.31670329670329667,319
2.013040293040293,0.31589743589743585,320
2.008205128205128,0.3142857142857143,321
2.008205128205128,0.31670329670329667,322
2.007399267399267,0.3207326007326007,323
2.012234432234432,0.3191208791208791,324
2.008205128205128,0.3207326007326007,325
2.0106227106227106,0.3215384615384615,326
2.003369963369963,0.32476190476190475,327
2.0106227106227106,0.32234432234432236,328
2.011428571428571,0.3231501831501831,329
2.004175824175824,0.3255677655677655,330
2.0106227106227106,0.3271794871794872,331
2.004981684981685,0.32879120879120877,332
2.007399267399267,0.3271794871794872,333
2.011428571428571,0.3295970695970695,334
2.013040293040293,0.32879120879120877,335
2.012234432234432,0.3336263736263736,336
2.013040293040293,0.3312087912087912,337
2.0098168498168496,0.33201465201465197,338
2.009010989010989,0.3328205128205128,339
2.008205128205128,0.3352380952380952,340
2.008205128205128,0.3368498168498168,341
2.011428571428571,0.3376556776556776,342
2.0162637362637366,0.3384615384615385,343
2.0106227106227106,0.34007326007326005,344
2.004175824175824,0.33926739926739924,345
2.012234432234432,0.34087912087912087,346
2.0106227106227106,0.34087912087912087,347
2.0025641025641026,0.3432967032967033,348
2.011428571428571,0.3432967032967033,349
2.009010989010989,0.3465201465201465,350
2.009010989010989,0.3457142857142857,351
2.0098168498168496,0.3473260073260073,352
2.0106227106227106,0.3473260073260073,353
2.0146520146520146,0.3481318681318681,354
2.013040293040293,0.3505494505494505,355
2.008205128205128,0.3529670329670329,356
2.0106227106227106,0.35135531135531134,357
2.0146520146520146,0.3529670329670329,358
2.0106227106227106,0.3545787545787546,359
2.011428571428571,0.3537728937728937,360
2.0162637362637366,0.35538461538461535,361
2.009010989010989,0.35538461538461535,362
2.0098168498168496,0.35780219780219774,363
2.0146520146520146,0.356996336996337,364
2.012234432234432,0.3602197802197802,365
2.0065934065934066,0.3626373626373626,366
2.017069597069597,0.3602197802197802,367
2.008205128205128,0.361025641025641,368
2.0065934065934066,0.36424908424908425,369
2.0146520146520146,0.36424908424908425,370
2.011428571428571,0.36344322344322344,371
2.004981684981685,0.365054945054945,372
2.0106227106227106,0.36747252747252745,373
2.025128205128205,0.36747252747252745,374
2.015457875457875,0.36827838827838827,375
2.0186813186813186,0.3706959706959707,376
2.013040293040293,0.37150183150183147,377
2.0162637362637366,0.3723076923076923,378
2.0162637362637366,0.37391941391941386,379
2.0162637362637366,0.37391941391941386,380
2.017069597069597,0.37391941391941386,381
2.012234432234432,0.3779487179487179,382
2.0138461538461536,0.3779487179487179,383
2.012234432234432,0.3771428571428571,384
2.013040293040293,0.3779487179487179,385
2.011428571428571,0.38117216117216113,386
2.021098901098901,0.38036630036630037,387
2.0146520146520146,0.38036630036630037,388
2.009010989010989,0.38278388278388276,389
2.015457875457875,0.3843956043956044,390
2.0057875457875456,0.3843956043956044,391
2.0178754578754576,0.38520146520146514,392
2.019487179487179,0.38520146520146514,393
2.015457875457875,0.3876190476190476,394
2.017069597069597,0.39003663003662997,395
2.017069597069597,0.39003663003662997,396
2.017069597069597,0.39003663003662997,397
2.0138461538461536,0.3924542124542124,398
2.013040293040293,0.39406593406593404,399
2.0162637362637366,0.39406593406593404,400
2.012234432234432,0.39406593406593404,401
2.023516483516483,0.39567765567765567,402
2.015457875457875,0.39567765567765567,403
2.0162637362637366,0.39728937728937724,404
2.0227106227106226,0.3989010989010989,405
2.0178754578754576,0.3989010989010989,406
2.0146520146520146,0.4005128205128205,407
2.0186813186813186,0.4021245421245421,408
2.0138461538461536,0.40131868131868126,409
2.0138461538461536,0.40534798534798533,410
2.012234432234432,0.4061538461538461,411
2.017069597069597,0.4045421245421245,412
2.015457875457875,0.40534798534798533,413
2.0106227106227106,0.40776556776556777,414
2.019487179487179,0.40857142857142853,415
2.011428571428571,0.40776556776556777,416
2.0106227106227106,0.41098901098901097,417
2.012234432234432,0.4117948717948718,418
2.019487179487179,0.4126007326007326,419
2.0202930402930406,0.41340659340659336,420
2.0178754578754576,0.4158241758241758,421
2.023516483516483,0.4142124542124542,422
2.0138461538461536,0.4142124542124542,423
2.0162637362637366,0.41743589743589743,424
2.0178754578754576,0.4166300366300366,425
2.0202930402930406,0.4198534798534798,426
2.0186813186813186,0.4198534798534798,427
2.0186813186813186,0.42146520146520144,428
2.0227106227106226,0.42146520146520144,429
2.0138461538461536,0.42146520146520144,430
2.015457875457875,0.4222710622710622,431
2.0178754578754576,0.4238827838827839,432
2.015457875457875,0.42549450549450546,433
2.013040293040293,0.42468864468864465,434
2.0146520146520146,0.4271062271062271,435
2.0202930402930406,0.4303296703296703,436
2.012234432234432,0.4279120879120879,437
2.019487179487179,0.43113553113553116,438
2.0219047619047616,0.4295238095238095,439
2.019487179487179,0.43113553113553116,440
2.0259340659340657,0.43274725274725273,441
2.0106227106227106,0.4343589743589743,442
2.017069597069597,0.4343589743589743,443
2.0202930402930406,0.43758241758241756,444
2.015457875457875,0.4383882783882783,445
2.0106227106227106,0.43758241758241756,446
2.0186813186813186,0.4383882783882783,447
2.0243223443223446,0.44,448
2.0227106227106226,0.4432234432234432,449
2.0146520146520146,0.4424175824175824,450
2.0106227106227106,0.4416117216117216,451
2.0186813186813186,0.4416117216117216,452
2.0186813186813186,0.4464468864468864,453
2.019487179487179,0.4472527472527473,454
2.019487179487179,0.4464468864468864,455
2.0186813186813186,0.44886446886446885,456
2.0138461538461536,0.44967032967032966,457
2.012234432234432,0.4512820512820513,458
2.0186813186813186,0.4512820512820513,459
2.011428571428571,0.4504761904761904,460
2.013040293040293,0.45289377289377286,461
2.017069597069597,0.45450549450549443,462
2.017069597069597,0.4536996336996337,463
2.023516483516483,0.4561172161172161,464
2.0186813186813186,0.4569230769230769,465
2.0186813186813186,0.4585347985347985,466
2.0186813186813186,0.4593406593406593,467
2.0186813186813186,0.4585347985347985,468
2.0162637362637366,0.46095238095238095,469
2.0146520146520146,0.4617582417582417,470
2.0219047619047616,0.4617582417582417,471
2.0202930402930406,0.4633699633699634,472
2.0227106227106226,0.46417582417582415,473
2.0146520146520146,0.4657875457875458,474
2.0227106227106226,0.46659340659340653,475
2.025128205128205,0.46659340659340653,476
2.017069597069597,0.4682051282051282,477
2.009010989010989,0.4714285714285714,478
2.0162637362637366,0.4714285714285714,479
2.0259340659340657,0.4714285714285714,480
2.0243223443223446,0.47223443223443223,481
2.019487179487179,0.473040293040293,482
2.0243223443223446,0.473040293040293,483
2.021098901098901,0.47545787545787543,484
2.0138461538461536,0.47706959706959706,485
2.0219047619047616,0.47706959706959706,486
2.019487179487179,0.4778754578754578,487
2.025128205128205,0.47868131868131863,488
2.0162637362637366,0.4794871794871795,489
2.0227106227106226,0.4819047619047619,490
2.017069597069597,0.48271062271062265,491
2.0186813186813186,0.48271062271062265,492
2.0138461538461536,0.48432234432234433,493
2.0106227106227106,0.48432234432234433,494
2.015457875457875,0.4867399267399267,495
2.0162637362637366,0.4867399267399267,496
2.017069597069597,0.48835164835164835,497
2.0186813186813186,0.49076923076923074,498
2.0219047619047616,0.48915750915750916,499
2.0186813186813186,0.49076923076923074,500
2.017069597069597,0.49238095238095236,501
2.015457875457875,0.49157509157509155,502
2.012234432234432,0.49238095238095236,503
2.0186813186813186,0.4956043956043956,504
2.0186813186813186,0.4956043956043956,505
2.015457875457875,0.4964102564102564,506
2.025128205128205,0.498021978021978,507
2.0146520146520146,0.5004395604395604,508
2.0186813186813186,0.49963369963369964,509
2.0106227106227106,0.49963369963369964,510
2.0178754578754576,0.5012454212454213,511
2.0138461538461536,0.5044688644688644,512
2.0178754578754576,0.5036630036630036,513
2.0186813186813186,0.5044688644688644,514
2.0178754578754576,0.5068864468864468,515
2.0162637362637366,0.5068864468864468,516
2.017069597069597,0.5068864468864468,517
2.0186813186813186,0.5084981684981684,518
2.0162637362637366,0.5068864468864468,519
2.0146520146520146,0.5109157509157509,520
2.015457875457875,0.5125274725274724,521
2.012234432234432,0.5117216117216117,522
2.019487179487179,0.5133333333333333,523
2.019487179487179,0.5141391941391942,524
2.0098168498168496,0.5165567765567765,525
2.015457875457875,0.5165567765567765,526
2.013040293040293,0.5173626373626373,527
2.015457875457875,0.518974358974359,528
2.021098901098901,0.5197802197802198,529
2.021098901098901,0.5197802197802198,530
2.021098901098901,0.5197802197802198,531
2.009010989010989,0.523003663003663,532
2.015457875457875,0.523003663003663,533
2.019487179487179,0.5238095238095238,534
2.0202930402930406,0.5254212454212454,535
2.019487179487179,0.5262271062271062,536
2.0178754578754576,0.5278388278388279,537
2.0106227106227106,0.5294505494505495,538
2.013040293040293,0.5286446886446886,539
2.023516483516483,0.5302564102564102,540
2.0227106227106226,0.531062271062271,541
2.0146520146520146,0.5326739926739926,542
2.015457875457875,0.5342857142857143,543
2.0202930402930406,0.5326739926739926,544
2.0202930402930406,0.535091575091575,545
2.0219047619047616,0.5358974358974359,546
2.0162637362637366,0.5375091575091575,547
2.015457875457875,0.5375091575091575,548
2.0106227106227106,0.5375091575091575,549
2.0202930402930406,0.5383150183150184,550
2.0219047619047616,0.539120879120879,551
2.0186813186813186,0.5423443223443224,552
2.0162637362637366,0.5423443223443224,553
2.0162637362637366,0.5431501831501832,554
2.0186813186813186,0.5447619047619047,555
2.012234432234432,0.5455677655677655,556
2.0186813186813186,0.547985347985348,557
2.0227106227106226,0.5471794871794872,558
2.013040293040293,0.5504029304029304,559
2.013040293040293,0.5487912087912087,560
2.0098168498168496,0.5504029304029304,561
2.0178754578754576,0.552014652014652,562
2.0106227106227106,0.5528205128205127,563
2.0178754578754576,0.5544322344322344,564
2.0162637362637366,0.5536263736263736,565
2.012234432234432,0.5552380952380952,566
2.0146520146520146,0.5568498168498168,567
2.0202930402930406,0.5584615384615385,568
2.017069597069597,0.5576556776556776,569
2.0186813186813186,0.5576556776556776,570
2.0146520146520146,0.5616849816849817,571
2.023516483516483,0.5592673992673992,572
2.0138461538461536,0.5616849816849817,573
2.0186813186813186,0.5632967032967032,574
2.0243223443223446,0.5641025641025641,575
2.023516483516483,0.5649084249084249,576
2.0219047619047616,0.5665201465201466,577
2.0186813186813186,0.5665201465201466,578
2.0227106227106226,0.5681318681318681,579
2.021098901098901,0.5689377289377289,580
2.0162637362637366,0.5689377289377289,581
2.017069597069597,0.5705494505494506,582
2.0186813186813186,0.5729670329670329,583
2.015457875457875,0.5737728937728938,584
2.0178754578754576,0.5729670329670329,585
2.0178754578754576,0.5729670329670329,586
2.017069597069597,0.5769963369963369,587
2.0138461538461536,0.5778021978021978,588
2.0178754578754576,0.5778021978021978,589
2.019487179487179,0.5794139194139194,590
2.0146520146520146,0.5802197802197803,591
2.0202930402930406,0.5818315018315018,592
2.021098901098901,0.5794139194139194,593
2.017069597069597,0.5818315018315018,594
2.0146520146520146,0.5842490842490843,595
2.0178754578754576,0.5858608058608058,596
2.0202930402930406,0.5842490842490843,597
2.0138461538461536,0.5858608058608058,598
2.015457875457875,0.5882783882783883,599
2.021098901098901,0.5882783882783883,600
2.019487179487179,0.5890842490842491,601
2.0219047619047616,0.5898901098901098,602
2.023516483516483,0.5915018315018314,603
2.0146520146520146,0.5923076923076923,604
2.0178754578754576,0.5923076923076923,605
2.0178754578754576,0.5931135531135531,606
2.015457875457875,0.5963369963369963,607
2.0162637362637366,0.5963369963369963,608
2.021098901098901,0.5971428571428571,609
2.0219047619047616,0.5971428571428571,610
2.0227106227106226,0.5987545787545788,611
2.0186813186813186,0.6003663003663003,612
2.0186813186813186,0.6003663003663003,613
2.0202930402930406,0.6003663003663003,614
2.017069597069597,0.6043956043956044,615
2.0178754578754576,0.6052014652014651,616
2.025128205128205,0.6043956043956044,617
2.023516483516483,0.6052014652014651,618
2.0267399267399266,0.6068131868131869,619
2.0186813186813186,0.6092307692307691,620
2.017069597069597,0.6076190476190476,621
2.017069597069597,0.61003663003663,622
2.019487179487179,0.6092307692307691,623
2.0178754578754576,0.6116483516483516,624
2.023516483516483,0.6132600732600731,625
2.019487179487179,0.6124542124542125,626
2.021098901098901,0.6148717948717949,627
2.023516483516483,0.6172893772893773,628
2.017069597069597,0.6148717948717949,629
2.0227106227106226,0.6164835164835165,630
2.017069597069597,0.6189010989010988,631
2.0202930402930406,0.6221245421245422,632
2.0178754578754576,0.6205128205128205,633
2.0178754578754576,0.6197069597069597,634
2.0138461538461536,0.6229304029304028,635
2.0227106227106226,0.6245421245421245,636
2.011428571428571,0.6229304029304028,637
2.0146520146520146,0.6237362637362637,638
2.0138461538461536,0.6269597069597068,639
2.0186813186813186,0.6261538461538462,640
2.015457875457875,0.6269597069597068,641
2.0178754578754576,0.6285714285714286,642
2.017069597069597,0.630989010989011,643
2.0186813186813186,0.630989010989011,644
2.0227106227106226,0.6334065934065933,645
2.0219047619047616,0.6326007326007326,646
2.0219047619047616,0.635018315018315,647
2.0267399267399266,0.6358241758241758,648
2.0146520146520146,0.6366300366300366,649
2.0146520146520146,0.6366300366300366,650
2.013040293040293,0.639047619047619,651
2.0178754578754576,0.639047619047619,652
2.0219047619047616,0.639047619047619,653
2.0202930402930406,0.6398534798534798,654
2.019487179487179,0.6422710622710622,655
2.0146520146520146,0.6422710622710622,656
2.0178754578754576,0.6438827838827839,657
2.023516483516483,0.6446886446886447,658
2.017069597069597,0.6463003663003662,659
2.0202930402930406,0.6463003663003662,660
2.012234432234432,0.6463003663003662,661
2.0186813186813186,0.6487179487179487,662
2.011428571428571,0.6495238095238095,663
2.0178754578754576,0.651135531135531,664
2.0162637362637366,0.651135531135531,665
2.0219047619047616,0.6527472527472528,666
2.0178754578754576,0.6535531135531135,667
2.017069597069597,0.655164835164835,668
2.0227106227106226,0.655164835164835,669
2.0162637362637366,0.6559706959706959,670
2.0227106227106226,0.6583882783882784,671
2.0186813186813186,0.655164835164835,672
2.0202930402930406,0.6583882783882784,673
2.0202930402930406,0.6599999999999999,674
2.0202930402930406,0.6616117216117215,675
2.0186813186813186,0.6616117216117215,676
2.012234432234432,0.6640293040293039,677
2.007399267399267,0.6640293040293039,678
2.021098901098901,0.6664468864468864,679
2.0227106227106226,0.6664468864468864,680
2.0219047619047616,0.6672527472527472,681
2.021098901098901,0.6680586080586081,682
2.015457875457875,0.6688644688644688,683
2.017069597069597,0.6704761904761904,684
2.017069597069597,0.6704761904761904,685
2.015457875457875,0.6745054945054945,686
2.0146520146520146,0.672893772893773,687
2.0186813186813186,0.6745054945054945,688
2.015457875457875,0.672893772893773,689
2.013040293040293,0.6753113553113552,690
2.015457875457875,0.676923076923077,691
2.023516483516483,0.676923076923077,692
2.0259340659340657,0.6793406593406592,693
2.0202930402930406,0.6817582417582417,694
2.017069597069597,0.680952380952381,695
2.015457875457875,0.680952380952381,696
2.027545787545787,0.6817582417582417,697
2.0227106227106226,0.684981684981685,698
2.019487179487179,0.6857875457875457,699
2.0162637362637366,0.684981684981685,700
2.0219047619047616,0.6857875457875457,701
2.025128205128205,0.6873992673992673,702
2.019487179487179,0.689010989010989,703
2.023516483516483,0.6898168498168498,704
2.0202930402930406,0.689010989010989,705
2.021098901098901,0.6914285714285714,706
2.0243223443223446,0.6938461538461538,707
2.0202930402930406,0.6938461538461538,708
2.0178754578754576,0.693040293040293,709
2.0178754578754576,0.6962637362637362,710
2.015457875457875,0.6986813186813187,711
2.0202930402930406,0.6986813186813187,712
2.019487179487179,0.6962637362637362,713
2.017069597069597,0.6994871794871794,714
2.017069597069597,0.701098901098901,715
2.0219047619047616,0.701098901098901,716
2.012234432234432,0.7019047619047618,717
2.0178754578754576,0.7043223443223443,718
2.019487179487179,0.7035164835164834,719
2.012234432234432,0.7043223443223443,720
2.012234432234432,0.7067399267399267,721
2.0219047619047616,0.7075457875457875,722
2.015457875457875,0.7067399267399267,723
2.0178754578754576,0.70996336996337,724
2.017069597069597,0.70996336996337,725
2.0178754578754576,0.7115750915750915,726
2.012234432234432,0.7131868131868132,727
2.0162637362637366,0.7115750915750915,728
2.0227106227106226,0.7123809523809523,729
2.021098901098901,0.7147985347985347,730
2.0162637362637366,0.7172161172161172,731
2.0178754578754576,0.7164102564102564,732
2.017069597069597,0.718021978021978,733
2.0202930402930406,0.7196336996336995,734
2.0186813186813186,0.7212454212454212,735
2.015457875457875,0.7188278388278388,736
2.019487179487179,0.7212454212454212,737
2.0178754578754576,0.722051282051282,738
2.0162637362637366,0.722051282051282,739
2.0219047619047616,0.7236630036630036,740
2.0219047619047616,0.726080586080586,741
2.0162637362637366,0.726080586080586,742
2.015457875457875,0.7268864468864469,743
2.0186813186813186,0.7276923076923076,744
2.023516483516483,0.73010989010989,745
2.019487179487179,0.7309157509157509,746
2.012234432234432,0.7325274725274725,747
2.0219047619047616,0.7333333333333333,748
2.0283516483516486,0.7333333333333333,749
1.9364835164835164,0.7325274725274725,750
1.8623443223443221,0.7317216117216117,751
1.8156043956043955,0.7325274725274725,752
1.7882051282051281,0.7325274725274725,753
1.764029304029304,0.7317216117216117,754
1.751941391941392,0.7317216117216117,755
1.7503296703296702,0.7317216117216117,756
1.7422710622710622,0.7333333333333333,757
1.730989010989011,0.7325274725274725,758
1.73018315018315,0.7309157509157509,759
1.726153846153846,0.7325274725274725,760
1.7068131868131868,0.7333333333333333,761
1.7060073260073259,0.7349450549450549,762
1.6979487179487178,0.7325274725274725,763
1.6979487179487178,0.7333333333333333,764
1.6874725274725275,0.7349450549450549,765
1.6882783882783883,0.7357509157509157,766
1.6802197802197802,0.734139194139194,767
1.6705494505494505,0.7325274725274725,768
1.6721611721611722,0.7349450549450549,769
1.6689377289377287,0.734139194139194,770
1.6721611721611722,0.734139194139194,771
1.6713553113553112,0.734139194139194,772
1.6673260073260072,0.7357509157509157,773
1.6584615384615384,0.7373626373626374,774
1.6657142857142855,0.734139194139194,775
1.6584615384615384,0.7333333333333333,776
1.6592673992673992,0.7357509157509157,777
1.6504029304029304,0.7357509157509157,778
1.6528205128205127,0.7349450549450549,779
1.6536263736263734,0.734139194139194,780
1.6463736263736264,0.7349450549450549,781
1.652014652014652,0.7357509157509157,782
1.6415384615384614,0.734139194139194,783
1.647985347985348,0.7349450549450549,784
1.6455677655677654,0.734139194139194,785
1.6495970695970694,0.7357509157509157,786
1.6495970695970694,0.7357509157509157,787
1.6455677655677654,0.734139194139194,788
1.6399267399267399,0.7357509157509157,789
1.6471794871794871,0.7373626373626374,790
1.6447619047619046,0.7349450549450549,791
1.6471794871794871,0.7349450549450549,792
1.6358974358974359,0.7349450549450549,793
1.6391208791208791,0.7365567765567765,794
1.6342857142857141,0.7357509157509157,795
1.6334798534798534,0.7349450549450549,796
1.6358974358974359,0.7349450549450549,797
1.6334798534798534,0.7365567765567765,798
1.6342857142857141,0.7365567765567765,799
1.6334798534798534,0.7373626373626374,800
1.6367032967032966,0.7349450549450549,801
1.6342857142857141,0.738168498168498,802
1.631062271062271,0.7357509157509157,803
1.631062271062271,0.7357509157509157,804
1.6286446886446884,0.734139194139194,805
1.6278388278388278,0.7357509157509157,806
1.6278388278388278,0.7365567765567765,807
1.6246153846153844,0.7349450549450549,808
1.6318681318681318,0.7349450549450549,809
1.6318681318681318,0.7357509157509157,810
1.6399267399267399,0.7349450549450549,811
1.626227106227106,0.7333333333333333,812
1.626227106227106,0.7365567765567765,813
1.6294505494505493,0.738168498168498,814
1.6294505494505493,0.7365567765567765,815
1.6286446886446884,0.7357509157509157,816
1.6367032967032966,0.7349450549450549,817
1.626227106227106,0.7373626373626374,818
1.627032967032967,0.738168498168498,819
1.63025641025641,0.7357509157509157,820
1.63025641025641,0.7365567765567765,821
1.6278388278388278,0.738168498168498,822
1.6342857142857141,0.7365567765567765,823
1.63025641025641,0.7357509157509157,824
1.6254212454212453,0.738168498168498,825
1.626227106227106,0.7389743589743589,826
1.6246153846153844,0.7349450549450549,827
1.6213919413919413,0.7365567765567765,828
1.622197802197802,0.7365567765567765,829
1.6254212454212453,0.7357509157509157,830
1.622197802197802,0.7365567765567765,831
1.6238095238095238,0.7349450549450549,832
1.6254212454212453,0.7365567765567765,833
1.6254212454212453,0.738168498168498,834
1.6157509157509158,0.7373626373626374,835
1.6205860805860803,0.7373626373626374,836
1.618168498168498,0.7357509157509157,837
1.6294505494505493,0.7373626373626374,838
1.63025641025641,0.7365567765567765,839
1.6254212454212453,0.738168498168498,840
1.6238095238095238,0.7373626373626374,841
1.6254212454212453,0.7365567765567765,842
1.6294505494505493,0.7365567765567765,843
1.622197802197802,0.738168498168498,844
1.627032967032967,0.7397802197802197,845
1.627032967032967,0.738168498168498,846
1.6286446886446884,0.7365567765567765,847
1.627032967032967,0.7373626373626374,848
1.6165567765567763,0.7357509157509157,849
1.6238095238095238,0.7373626373626374,850
1.626227106227106,0.7349450549450549,851
1.6197802197802198,0.738168498168498,852
1.6254212454212453,0.7373626373626374,853
1.623003663003663,0.7365567765567765,854
1.61010989010989,0.738168498168498,855
1.622197802197802,0.738168498168498,856
1.6117216117216118,0.7365567765567765,857
1.614139194139194,0.738168498168498,858
1.618974358974359,0.7357509157509157,859
1.623003663003663,0.7357509157509157,860
1.6149450549450548,0.7389743589743589,861
1.6076923076923078,0.7373626373626374,862
1.622197802197802,0.7365567765567765,863
1.6254212454212453,0.7357509157509157,864
1.618168498168498,0.738168498168498,865
1.622197802197802,0.7373626373626374,866
1.6205860805860803,0.7357509157509157,867
1.6197802197802198,0.7389743589743589,868
1.6246153846153844,0.7373626373626374,869
1.6157509157509158,0.7389743589743589,870
1.6197802197802198,0.7373626373626374,871
1.6238095238095238,0.738168498168498,872
1.6213919413919413,0.7389743589743589,873
1.6173626373626373,0.7373626373626374,874
1.6246153846153844,0.7357509157509157,875
1.6213919413919413,0.738168498168498,876
1.626227106227106,0.7373626373626374,877
1.6173626373626373,0.738168498168498,878
1.6197802197802198,0.7373626373626374,879
1.622197802197802,0.7373626373626374,880
1.6173626373626373,0.738168498168498,881
1.622197802197802,0.738168498168498,882
1.6197802197802198,0.7373626373626374,883
1.6254212454212453,0.7373626373626374,884
1.6246153846153844,0.7373626373626374,885
1.622197802197802,0.7373626373626374,886
1.618168498168498,0.7373626373626374,887
1.6213919413919413,0.7389743589743589,888
1.6173626373626373,0.7397802197802197,889
1.6246153846153844,0.738168498168498,890
1.623003663003663,0.7365567765567765,891
1.6165567765567763,0.7373626373626374,892
1.6213919413919413,0.738168498168498,893
1.6213919413919413,0.7405860805860806,894
1.6197802197802198,0.7373626373626374,895
1.622197802197802,0.7357509157509157,896
1.6213919413919413,0.738168498168498,897
1.6133333333333333,0.7389743589743589,898
1.6157509157509158,0.7389743589743589,899
1.6238095238095238,0.7397802197802197,900
1.626227106227106,0.738168498168498,901
1.6173626373626373,0.7389743589743589,902
1.618168498168498,0.7389743589743589,903
1.6213919413919413,0.7389743589743589,904
1.6157509157509158,0.7373626373626374,905
1.614139194139194,0.7373626373626374,906
1.6125274725274723,0.7397802197802197,907
1.618168498168498,0.738168498168498,908
1.6109157509157508,0.7373626373626374,909
1.6133333333333333,0.7389743589743589,910
1.6109157509157508,0.7389743589743589,911
1.6213919413919413,0.7373626373626374,912
1.6238095238095238,0.7389743589743589,913
1.6205860805860803,0.7389743589743589,914
1.6213919413919413,0.738168498168498,915
1.614139194139194,0.738168498168498,916
1.6125274725274723,0.7389743589743589,917
1.6173626373626373,0.7397802197802197,918
1.6173626373626373,0.738168498168498,919
1.6173626373626373,0.7397802197802197,920
1.6165567765567763,0.738168498168498,921
1.622197802197802,0.7365567765567765,922
1.6205860805860803,0.7405860805860806,923
1.6157509157509158,0.7405860805860806,924
1.61010989010989,0.7397802197802197,925
1.614139194139194,0.738168498168498,926
1.6149450549450548,0.7405860805860806,927
1.614139194139194,0.7389743589743589,928
1.6197802197802198,0.738168498168498,929
1.6213919413919413,0.7373626373626374,930
1.6173626373626373,0.7397802197802197,931
1.618168498168498,0.7397802197802197,932
1.6173626373626373,0.7389743589743589,933
1.6157509157509158,0.738168498168498,934
1.6125274725274723,0.7389743589743589,935
1.618974358974359,0.7389743589743589,936
1.6133333333333333,0.7373626373626374,937
1.61010989010989,0.7365567765567765,938
1.6149450549450548,0.7397802197802197,939
1.614139194139194,0.7397802197802197,940
1.618168498168498,0.7405860805860806,941
1.6157509157509158,0.7389743589743589,942
1.6149450549450548,0.738168498168498,943
1.6149450549450548,0.7405860805860806,944
1.618974358974359,0.7397802197802197,945
1.6125274725274723,0.738168498168498,946
1.6149450549450548,0.7389743589743589,947
1.6093040293040293,0.7405860805860806,948
1.6109157509157508,0.7389743589743589,949
1.6157509157509158,0.738168498168498,950
1.6165567765567763,0.7397802197802197,951
1.6173626373626373,0.7405860805860806,952
1.618974358974359,0.7389743589743589,953
1.6197802197802198,0.7397802197802197,954
1.6165567765567763,0.7397802197802197,955
1.623003663003663,0.7397802197802197,956
1.622197802197802,0.7389743589743589,957
1.6117216117216118,0.7389743589743589,958
1.6197802197802198,0.7389743589743589,959
1.622197802197802,0.7397802197802197,960
1.6157509157509158,0.738168498168498,961
1.6093040293040293,0.7397802197802197,962
1.6093040293040293,0.7397802197802197,963
1.6093040293040293,0.7421978021978022,964
1.6125274725274723,0.7389743589743589,965
1.618168498168498,0.738168498168498,966
1.618168498168498,0.7397802197802197,967
1.61010989010989,0.7389743589743589,968
1.6157509157509158,0.7389743589743589,969
1.614139194139194,0.738168498168498,970
1.6213919413919413,0.7397802197802197,971
1.6165567765567763,0.7405860805860806,972
1.614139194139194,0.7397802197802197,973
1.6109157509157508,0.7373626373626374,974
1.6109157509157508,0.7373626373626374,975
1.6133333333333333,0.7421978021978022,976
1.6117216117216118,0.7397802197802197,977
1.6109157509157508,0.7389743589743589,978
1.614139194139194,0.7397802197802197,979
1.6117216117216118,0.7389743589743589,980
1.6117216117216118,0.7413919413919414,981
1.614139194139194,0.7405860805860806,982
1.6109157509157508,0.738168498168498,983
1.6125274725274723,0.7413919413919414,984
1.618974358974359,0.7397802197802197,985
1.6125274725274723,0.7405860805860806,986
1.6109157509157508,0.7389743589743589,987
1.6084981684981683,0.7413919413919414,988
1.6125274725274723,0.7405860805860806,989
1.6084981684981683,0.7397802197802197,990
1.614139194139194,0.738168498168498,991
1.6125274725274723,0.7405860805860806,992
1.6133333333333333,0.7413919413919414,993
1.6109157509157508,0.7389743589743589,994
1.6093040293040293,0.7389743589743589,995
1.6117216117216118,0.7389743589743589,996
1.61010989010989,0.738168498168498,997
1.618168498168498,0.7413919413919414,998
1.618974358974359,0.7413919413919414,999
1.614139194139194,0.7389743589743589,1000
1.618168498168498,0.7397802197802197,1001
1.6149450549450548,0.7413919413919414,1002
1.618168498168498,0.7397802197802197,1003
1.6157509157509158,0.7397802197802197,1004
1.6109157509157508,0.7389743589743589,1005
1.606080586080586,0.7405860805860806,1006
1.6157509157509158,0.7405860805860806,1007
1.6173626373626373,0.7397802197802197,1008
1.61010989010989,0.7389743589743589,1009
1.6117216117216118,0.7397802197802197,1010
1.6068864468864468,0.7397802197802197,1011
1.6117216117216118,0.7397802197802197,1012
1.6093040293040293,0.7405860805860806,1013
1.61010989010989,0.7405860805860806,1014
1.6093040293040293,0.7389743589743589,1015
1.605274725274725,0.7389743589743589,1016
1.6093040293040293,0.7413919413919414,1017
1.6109157509157508,0.7413919413919414,1018
1.6125274725274723,0.7405860805860806,1019
1.605274725274725,0.7405860805860806,1020
1.6173626373626373,0.738168498168498,1021
1.6157509157509158,0.7397802197802197,1022
1.6076923076923078,0.7413919413919414,1023
1.6165567765567763,0.7397802197802197,1024
1.6068864468864468,0.738168498168498,1025
1.6133333333333333,0.738168498168498,1026
1.605274725274725,0.7413919413919414,1027
1.6109157509157508,0.7421978021978022,1028
1.61010989010989,0.738168498168498,1029
1.606080586080586,0.738168498168498,1030
1.6068864468864468,0.7413919413919414,1031
1.6076923076923078,0.7405860805860806,1032
1.6044688644688643,0.7389743589743589,1033
1.601245421245421,0.7405860805860806,1034
1.6125274725274723,0.7413919413919414,1035
1.6165567765567763,0.7397802197802197,1036
1.618974358974359,0.7397802197802197,1037
1.606080586080586,0.7397802197802197,1038
1.6084981684981683,0.7405860805860806,1039
1.601245421245421,0.7397802197802197,1040
1.6068864468864468,0.7389743589743589,1041
1.6068864468864468,0.7397802197802197,1042
1.6084981684981683,0.7397802197802197,1043
1.6076923076923078,0.7413919413919414,1044
1.6133333333333333,0.7405860805860806,1045
1.61010989010989,0.7389743589743589,1046
1.6109157509157508,0.7421978021978022,1047
1.6133333333333333,0.7397802197802197,1048
1.6084981684981683,0.7405860805860806,1049
1.6109157509157508,0.7397802197802197,1050
1.618168498168498,0.7397802197802197,1051
1.6173626373626373,0.7421978021978022,1052
1.6157509157509158,0.7405860805860806,1053
1.6076923076923078,0.7405860805860806,1054
1.6125274725274723,0.7397802197802197,1055
1.605274725274725,0.7421978021978022,1056
1.6068864468864468,0.7405860805860806,1057
1.606080586080586,0.7405860805860806,1058
1.6068864468864468,0.7389743589743589,1059
1.6109157509157508,0.738168498168498,1060
1.6093040293040293,0.7405860805860806,1061
1.614139194139194,0.7413919413919414,1062
1.6109157509157508,0.7405860805860806,1063
1.61010989010989,0.7389743589743589,1064
1.6109157509157508,0.7405860805860806,1065
1.6084981684981683,0.7397802197802197,1066
1.606080586080586,0.7405860805860806,1067
1.6117216117216118,0.7405860805860806,1068
1.6093040293040293,0.7397802197802197,1069
1.6093040293040293,0.7397802197802197,1070
1.6044688644688643,0.7421978021978022,1071
1.6157509157509158,0.7405860805860806,1072
1.6109157509157508,0.7405860805860806,1073
1.606080586080586,0.7413919413919414,1074
1.6076923076923078,0.7413919413919414,1075
1.614139194139194,0.7413919413919414,1076
1.605274725274725,0.7397802197802197,1077
1.6044688644688643,0.7405860805860806,1078
1.6149450549450548,0.7389743589743589,1079
1.618974358974359,0.7397802197802197,1080
1.6165567765567763,0.7413919413919414,1081
1.6076923076923078,0.7405860805860806,1082
1.6109157509157508,0.7397802197802197,1083
1.6028571428571428,0.7413919413919414,1084
1.6109157509157508,0.7405860805860806,1085
1.6068864468864468,0.7397802197802197,1086
1.6125274725274723,0.7397802197802197,1087
1.6093040293040293,0.7405860805860806,1088
1.6093040293040293,0.7389743589743589,1089
1.6076923076923078,0.7397802197802197,1090
1.606080586080586,0.7397802197802197,1091
1.6133333333333333,0.7413919413919414,1092
1.614139194139194,0.7397802197802197,1093
1.6165567765567763,0.7413919413919414,1094
1.6149450549450548,0.7413919413919414,1095
1.6149450549450548,0.7413919413919414,1096
1.6076923076923078,0.7405860805860806,1097
1.6068864468864468,0.7413919413919414,1098
1.6036630036630037,0.7397802197802197,1099
1.6149450549450548,0.7405860805860806,1100
1.606080586080586,0.7405860805860806,1101
1.602051282051282,0.7413919413919414,1102
1.6068864468864468,0.7389743589743589,1103
1.6109157509157508,0.7397802197802197,1104
1.6084981684981683,0.7389743589743589,1105
1.6068864468864468,0.7405860805860806,1106
1.601245421245421,0.7413919413919414,1107
1.6044688644688643,0.7397802197802197,1108
1.6093040293040293,0.7389743589743589,1109
1.6076923076923078,0.7413919413919414,1110
1.605274725274725,0.7405860805860806,1111
1.605274725274725,0.7397802197802197,1112
1.6084981684981683,0.7405860805860806,1113
1.6084981684981683,0.7405860805860806,1114
1.622197802197802,0.7413919413919414,1115
1.6076923076923078,0.7405860805860806,1116
1.6084981684981683,0.7397802197802197,1117
1.6117216117216118,0.7405860805860806,1118
1.6076923076923078,0.7413919413919414,1119
1.6028571428571428,0.7413919413919414,1120
1.6044688644688643,0.7413919413919414,1121
1.6076923076923078,0.7397802197802197,1122
1.602051282051282,0.7405860805860806,1123
1.61010989010989,0.7421978021978022,1124
1.61010989010989,0.7397802197802197,1125
1.6044688644688643,0.7405860805860806,1126
1.6093040293040293,0.7430036630036629,1127
1.605274725274725,0.7413919413919414,1128
1.605274725274725,0.7397802197802197,1129
1.606080586080586,0.7413919413919414,1130
1.6068864468864468,0.7405860805860806,1131
1.6068864468864468,0.7397802197802197,1132
1.6084981684981683,0.7405860805860806,1133
1.6068864468864468,0.7430036630036629,1134
1.5996336996336997,0.7413919413919414,1135
1.606080586080586,0.7397802197802197,1136
1.606080586080586,0.7413919413919414,1137
1.6076923076923078,0.7405860805860806,1138
1.6109157509157508,0.7405860805860806,1139
1.61010989010989,0.7389743589743589,1140
1.6068864468864468,0.7421978021978022,1141
1.6117216117216118,0.7413919413919414,1142
1.61010989010989,0.7405860805860806,1143
1.606080586080586,0.7413919413919414,1144
1.6125274725274723,0.7413919413919414,1145
1.602051282051282,0.7397802197802197,1146
1.6076923076923078,0.7421978021978022,1147
1.6068864468864468,0.7397802197802197,1148
1.606080586080586,0.7413919413919414,1149
1.606080586080586,0.7421978021978022,1150
1.6109157509157508,0.7421978021978022,1151
1.605274725274725,0.7421978021978022,1152
1.6076923076923078,0.7405860805860806,1153
1.6076923076923078,0.7413919413919414,1154
1.6084981684981683,0.7421978021978022,1155
1.6093040293040293,0.7413919413919414,1156
1.605274725274725,0.7405860805860806,1157
1.6068864468864468,0.7405860805860806,1158
1.6125274725274723,0.7397802197802197,1159
1.6044688644688643,0.7405860805860806,1160
1.6028571428571428,0.7405860805860806,1161
1.605274725274725,0.7413919413919414,1162
1.6109157509157508,0.7413919413919414,1163
1.6093040293040293,0.7413919413919414,1164
1.6093040293040293,0.7405860805860806,1165
1.6093040293040293,0.7405860805860806,1166
1.6093040293040293,0.7405860805860806,1167
1.605274725274725,0.7430036630036629,1168
1.6125274725274723,0.7405860805860806,1169
1.61010989010989,0.7405860805860806,1170
1.6076923076923078,0.7413919413919414,1171
1.6109157509157508,0.7413919413919414,1172
1.6076923076923078,0.7405860805860806,1173
1.605274725274725,0.7405860805860806,1174
1.605274725274725,0.7397802197802197,1175
1.5996336996336997,0.7413919413919414,1176
1.6093040293040293,0.7389743589743589,1177
1.6028571428571428,0.7430036630036629,1178
1.6117216117216118,0.7413919413919414,1179
1.6036630036630037,0.7405860805860806,1180
1.605274725274725,0.7421978021978022,1181
1.6117216117216118,0.7405860805860806,1182
1.6149450549450548,0.7405860805860806,1183
1.6084981684981683,0.7421978021978022,1184
1.605274725274725,0.7413919413919414,1185
1.6093040293040293,0.7413919413919414,1186
1.6076923076923078,0.7421978021978022,1187
1.6068864468864468,0.7421978021978022,1188
1.6028571428571428,0.7430036630036629,1189
1.6109157509157508,0.7430036630036629,1190
1.6109157509157508,0.7397802197802197,1191
1.6076923076923078,0.7413919413919414,1192
1.6084981684981683,0.7405860805860806,1193
1.6004395604395603,0.7413919413919414,1194
1.61010989010989,0.7421978021978022,1195
1.606080586080586,0.7413919413919414,1196
1.601245421245421,0.7413919413919414,1197
1.605274725274725,0.7413919413919414,1198
1.6028571428571428,0.7405860805860806,1199
1.6044688644688643,0.7405860805860806,1200
1.6117216117216118,0.7413919413919414,1201
1.6117216117216118,0.7413919413919414,1202
1.6133333333333333,0.7405860805860806,1203
1.614139194139194,0.7389743589743589,1204
1.6084981684981683,0.7421978021978022,1205
1.6068864468864468,0.7413919413919414,1206
1.614139194139194,0.7413919413919414,1207
1.6109157509157508,0.7413919413919414,1208
1.6068864468864468,0.7413919413919414,1209
1.6028571428571428,0.7413919413919414,1210
1.6044688644688643,0.7405860805860806,1211
1.606080586080586,0.7413919413919414,1212
1.6068864468864468,0.7430036630036629,1213
1.6036630036630037,0.7405860805860806,1214
1.6093040293040293,0.7413919413919414,1215
1.614139194139194,0.7405860805860806,1216
1.6109157509157508,0.7438095238095237,1217
1.6109157509157508,0.7421978021978022,1218
1.61010989010989,0.7413919413919414,1219
1.6076923076923078,0.7405860805860806,1220
1.601245421245421,0.7397802197802197,1221
1.6028571428571428,0.7421978021978022,1222
1.6093040293040293,0.7413919413919414,1223
1.6076923076923078,0.7405860805860806,1224
1.602051282051282,0.7405860805860806,1225
1.602051282051282,0.7430036630036629,1226
1.61010989010989,0.7421978021978022,1227
1.6076923076923078,0.7413919413919414,1228
1.6004395604395603,0.7413919413919414,1229
1.6084981684981683,0.7438095238095237,1230
1.6133333333333333,0.7421978021978022,1231
1.6149450549450548,0.7397802197802197,1232
1.6084981684981683,0.7413919413919414,1233
1.6044688644688643,0.7413919413919414,1234
1.6028571428571428,0.7405860805860806,1235
1.6044688644688643,0.7405860805860806,1236
1.6036630036630037,0.7421978021978022,1237
1.6036630036630037,0.7405860805860806,1238
1.602051282051282,0.7405860805860806,1239
1.598021978021978,0.7413919413919414,1240
1.6036630036630037,0.7389743589743589,1241
1.605274725274725,0.7430036630036629,1242
1.6036630036630037,0.7413919413919414,1243
1.6125274725274723,0.7397802197802197,1244
1.606080586080586,0.7389743589743589,1245
1.6084981684981683,0.7413919413919414,1246
1.6084981684981683,0.7413919413919414,1247
1.6149450549450548,0.7421978021978022,1248
1.6076923076923078,0.7397802197802197,1249
1.6036630036630037,0.7405860805860806,1250
1.606080586080586,0.7413919413919414,1251
1.61010989010989,0.7405860805860806,1252
1.6109157509157508,0.7413919413919414,1253
1.6093040293040293,0.7430036630036629,1254
1.6117216117216118,0.7421978021978022,1255
1.6109157509157508,0.7405860805860806,1256
1.606080586080586,0.7413919413919414,1257
1.602051282051282,0.7413919413919414,1258
1.6117216117216118,0.7405860805860806,1259
1.6117216117216118,0.7421978021978022,1260
1.593992673992674,0.7413919413919414,1261
1.6093040293040293,0.7405860805860806,1262
1.606080586080586,0.7413919413919414,1263
1.6084981684981683,0.7413919413919414,1264
1.6109157509157508,0.7438095238095237,1265
1.61010989010989,0.7421978021978022,1266
1.6125274725274723,0.7413919413919414,1267
1.6109157509157508,0.7430036630036629,1268
1.6036630036630037,0.7421978021978022,1269
1.6028571428571428,0.7405860805860806,1270
1.6093040293040293,0.7421978021978022,1271
1.6084981684981683,0.7421978021978022,1272
1.6076923076923078,0.7413919413919414,1273
1.614139194139194,0.7430036630036629,1274
1.6125274725274723,0.7446153846153846,1275
1.6093040293040293,0.7405860805860806,1276
1.61010989010989,0.7421978021978022,1277
1.606080586080586,0.7413919413919414,1278
1.606080586080586,0.7397802197802197,1279
1.606080586080586,0.7430036630036629,1280
1.6004395604395603,0.7405860805860806,1281
1.6004395604395603,0.7413919413919414,1282
1.6036630036630037,0.7405860805860806,1283
1.6125274725274723,0.7413919413919414,1284
1.6084981684981683,0.7421978021978022,1285
1.6093040293040293,0.7413919413919414,1286
1.6036630036630037,0.7397802197802197,1287
1.6036630036630037,0.7413919413919414,1288
1.6028571428571428,0.7430036630036629,1289
1.6084981684981683,0.7405860805860806,1290
1.606080586080586,0.7405860805860806,1291
1.601245421245421,0.7413919413919414,1292
1.6004395604395603,0.7405860805860806,1293
1.601245421245421,0.7421978021978022,1294
1.602051282051282,0.7413919413919414,1295
1.6044688644688643,0.7405860805860806,1296
1.6036630036630037,0.7421978021978022,1297
1.606080586080586,0.7430036630036629,1298
1.6133333333333333,0.7413919413919414,1299
1.6117216117216118,0.7438095238095237,1300
1.6044688644688643,0.7430036630036629,1301
1.606080586080586,0.7430036630036629,1302
1.6093040293040293,0.7397802197802197,1303
1.6004395604395603,0.7405860805860806,1304
1.605274725274725,0.7430036630036629,1305
1.6084981684981683,0.7397802197802197,1306
1.6076923076923078,0.7421978021978022,1307
1.6028571428571428,0.7413919413919414,1308
1.6044688644688643,0.7413919413919414,1309
1.6068864468864468,0.7405860805860806,1310
1.6076923076923078,0.7397802197802197,1311
1.605274725274725,0.7413919413919414,1312
1.6084981684981683,0.7421978021978022,1313
1.6004395604395603,0.7421978021978022,1314
1.61010989010989,0.7413919413919414,1315
1.6068864468864468,0.7421978021978022,1316
1.61010989010989,0.7438095238095237,1317
1.6036630036630037,0.7405860805860806,1318
1.6004395604395603,0.7446153846153846,1319
1.6093040293040293,0.7421978021978022,1320
1.6093040293040293,0.7421978021978022,1321
1.6084981684981683,0.7421978021978022,1322
1.605274725274725,0.7421978021978022,1323
1.601245421245421,0.7421978021978022,1324
1.6076923076923078,0.7397802197802197,1325
1.5996336996336997,0.7413919413919414,1326
1.598021978021978,0.7413919413919414,1327
1.6028571428571428,0.7421978021978022,1328
1.6028571428571428,0.7421978021978022,1329
1.6028571428571428,0.7421978021978022,1330
1.605274725274725,0.7405860805860806,1331
1.606080586080586,0.7405860805860806,1332
1.6084981684981683,0.7421978021978022,1333
1.61010989010989,0.7421978021978022,1334
1.6076923076923078,0.7421978021978022,1335
1.6076923076923078,0.7405860805860806,1336
1.6044688644688643,0.7430036630036629,1337
1.6068864468864468,0.7413919413919414,1338
1.605274725274725,0.7397802197802197,1339
1.606080586080586,0.7421978021978022,1340
1.6133333333333333,0.7421978021978022,1341
1.6028571428571428,0.7413919413919414,1342
1.6004395604395603,0.7421978021978022,1343
1.6044688644688643,0.7421978021978022,1344
1.6068864468864468,0.7421978021978022,1345
1.6028571428571428,0.7421978021978022,1346
1.606080586080586,0.7421978021978022,1347
1.6076923076923078,0.7430036630036629,1348
1.6084981684981683,0.7413919413919414,1349
1.6076923076923078,0.7421978021978022,1350
1.6068864468864468,0.7421978021978022,1351
1.61010989010989,0.7413919413919414,1352
1.6036630036630037,0.7413919413919414,1353
1.6093040293040293,0.7421978021978022,1354
1.6076923076923078,0.7421978021978022,1355
1.61010989010989,0.7430036630036629,1356
1.6117216117216118,0.7413919413919414,1357
1.6084981684981683,0.7397802197802197,1358
1.6093040293040293,0.7405860805860806,1359
1.6076923076923078,0.7430036630036629,1360
1.6036630036630037,0.7405860805860806,1361
1.6044688644688643,0.7405860805860806,1362
1.601245421245421,0.7421978021978022,1363
1.605274725274725,0.7430036630036629,1364
1.6036630036630037,0.7438095238095237,1365
1.602051282051282,0.7413919413919414,1366
1.605274725274725,0.7421978021978022,1367
1.606080586080586,0.7446153846153846,1368
1.6044688644688643,0.7430036630036629,1369
1.6076923076923078,0.7413919413919414,1370
1.606080586080586,0.7421978021978022,1371
1.605274725274725,0.7421978021978022,1372
1.602051282051282,0.7405860805860806,1373
1.6028571428571428,0.7413919413919414,1374
1.6084981684981683,0.7421978021978022,1375
1.6004395604395603,0.7421978021978022,1376
1.601245421245421,0.7413919413919414,1377
1.602051282051282,0.7405860805860806,1378
1.606080586080586,0.7405860805860806,1379
1.6036630036630037,0.7421978021978022,1380
1.6068864468864468,0.7438095238095237,1381
1.6044688644688643,0.7421978021978022,1382
1.6125274725274723,0.7430036630036629,1383
1.6117216117216118,0.7413919413919414,1384
1.5988278388278387,0.7430036630036629,1385
1.6028571428571428,0.7421978021978022,1386
1.6044688644688643,0.7405860805860806,1387
1.6044688644688643,0.7421978021978022,1388
1.597216117216117,0.7430036630036629,1389
1.6084981684981683,0.7421978021978022,1390
1.6109157509157508,0.7397802197802197,1391
1.6084981684981683,0.7430036630036629,1392
1.6117216117216118,0.7438095238095237,1393
1.6125274725274723,0.7405860805860806,1394
1.606080586080586,0.7405860805860806,1395
1.6068864468864468,0.7421978021978022,1396
1.6036630036630037,0.7430036630036629,1397
1.606080586080586,0.7430036630036629,1398
1.6093040293040293,0.7438095238095237,1399
1.6068864468864468,0.7413919413919414,1400
1.605274725274725,0.7413919413919414,1401
1.6076923076923078,0.7413919413919414,1402
1.61010989010989,0.7421978021978022,1403
1.602051282051282,0.7405860805860806,1404
1.606080586080586,0.7421978021978022,1405
1.6125274725274723,0.7397802197802197,1406
1.6044688644688643,0.7405860805860806,1407
1.6133333333333333,0.7413919413919414,1408
1.6133333333333333,0.7421978021978022,1409
1.6036630036630037,0.7413919413919414,1410
1.6004395604395603,0.7405860805860806,1411
1.6004395604395603,0.7430036630036629,1412
1.6036630036630037,0.7421978021978022,1413
1.5996336996336997,0.7405860805860806,1414
1.605274725274725,0.7405860805860806,1415
1.6004395604395603,0.7413919413919414,1416
1.606080586080586,0.7421978021978022,1417
1.605274725274725,0.7413919413919414,1418
1.6068864468864468,0.7430036630036629,1419
1.6068864468864468,0.7438095238095237,1420
1.6076923076923078,0.7405860805860806,1421
1.606080586080586,0.7413919413919414,1422
1.6044688644688643,0.7421978021978022,1423
1.6036630036630037,0.7438095238095237,1424
1.6028571428571428,0.7413919413919414,1425
1.6028571428571428,0.7405860805860806,1426
1.5996336996336997,0.7438095238095237,1427
1.5996336996336997,0.7413919413919414,1428
1.6084981684981683,0.7421978021978022,1429
1.6109157509157508,0.7430036630036629,1430
1.5964102564102562,0.7421978021978022,1431
1.5988278388278387,0.7405860805860806,1432
1.601245421245421,0.7413919413919414,1433
1.6036630036630037,0.7421978021978022,1434
1.6117216117216118,0.7421978021978022,1435
1.6084981684981683,0.7397802197802197,1436
1.6076923076923078,0.7430036630036629,1437
1.606080586080586,0.7405860805860806,1438
1.6028571428571428,0.7413919413919414,1439
1.601245421245421,0.7430036630036629,1440
1.6044688644688643,0.7421978021978022,1441
1.6028571428571428,0.7389743589743589,1442
1.61010989010989,0.7421978021978022,1443
1.6125274725274723,0.7421978021978022,1444
1.602051282051282,0.7405860805860806,1445
1.6084981684981683,0.7405860805860806,1446
1.6028571428571428,0.7421978021978022,1447
1.602051282051282,0.7438095238095237,1448
1.602051282051282,0.7413919413919414,1449
1.6028571428571428,0.7413919413919414,1450
1.6036630036630037,0.7430036630036629,1451
1.6076923076923078,0.7438095238095237,1452
1.606080586080586,0.7405860805860806,1453
1.6068864468864468,0.7405860805860806,1454
1.6076923076923078,0.7438095238095237,1455
1.6084981684981683,0.7430036630036629,1456
1.605274725274725,0.7413919413919414,1457
1.6028571428571428,0.7413919413919414,1458
1.605274725274725,0.7413919413919414,1459
1.6076923076923078,0.7421978021978022,1460
1.6044688644688643,0.7421978021978022,1461
1.6028571428571428,0.7421978021978022,1462
1.6068864468864468,0.7421978021978022,1463
1.5996336996336997,0.7438095238095237,1464
1.6084981684981683,0.7405860805860806,1465
1.605274725274725,0.7413919413919414,1466
1.6093040293040293,0.7413919413919414,1467
1.6093040293040293,0.7438095238095237,1468
1.6076923076923078,0.7421978021978022,1469
1.6076923076923078,0.7413919413919414,1470
1.606080586080586,0.7421978021978022,1471
1.6044688644688643,0.7430036630036629,1472
1.5996336996336997,0.7438095238095237,1473
1.6044688644688643,0.7413919413919414,1474
1.6068864468864468,0.7421978021978022,1475
1.6093040293040293,0.7430036630036629,1476
1.605274725274725,0.7421978021978022,1477
1.6157509157509158,0.7413919413919414,1478
1.6157509157509158,0.7421978021978022,1479
1.6173626373626373,0.7413919413919414,1480
1.61010989010989,0.7430036630036629,1481
1.6109157509157508,0.7438095238095237,1482
1.6133333333333333,0.7421978021978022,1483
1.6076923076923078,0.7413919413919414,1484
1.606080586080586,0.7430036630036629,1485
1.6157509157509158,0.7413919413919414,1486
1.6093040293040293,0.7405860805860806,1487
1.606080586080586,0.7438095238095237,1488
1.6028571428571428,0.7421978021978022,1489
1.6076923076923078,0.7430036630036629,1490
1.6068864468864468,0.7421978021978022,1491
1.61010989010989,0.7421978021978022,1492
1.5988278388278387,0.7430036630036629,1493
1.6044688644688643,0.7421978021978022,1494
1.597216117216117,0.7421978021978022,1495
1.5996336996336997,0.7421978021978022,1496
1.6076923076923078,0.7446153846153846,1497
1.61010989010989,0.7421978021978022,1498
1.6036630036630037,0.7413919413919414,1499
1.6036630036630037,0.7405860805860806,1500
1.602051282051282,0.7413919413919414,1501
1.601245421245421,0.7421978021978022,1502
1.5996336996336997,0.7405860805860806,1503
1.601245421245421,0.7413919413919414,1504
1.6004395604395603,0.7413919413919414,1505
1.602051282051282,0.7438095238095237,1506
1.6076923076923078,0.7438095238095237,1507
1.6084981684981683,0.7421978021978022,1508
1.6084981684981683,0.7413919413919414,1509
1.6076923076923078,0.7438095238095237,1510
1.6109157509157508,0.7430036630036629,1511
1.6068864468864468,0.7405860805860806,1512
1.6076923076923078,0.7405860805860806,1513
1.61010989010989,0.7430036630036629,1514
1.602051282051282,0.7413919413919414,1515
1.602051282051282,0.7413919413919414,1516
1.6028571428571428,0.7421978021978022,1517
1.5988278388278387,0.7438095238095237,1518
1.6044688644688643,0.7438095238095237,1519
1.601245421245421,0.7421978021978022,1520
1.601245421245421,0.7421978021978022,1521
1.598021978021978,0.7405860805860806,1522
1.6004395604395603,0.7430036630036629,1523
1.601245421245421,0.7421978021978022,1524
1.6044688644688643,0.7397802197802197,1525
1.606080586080586,0.7421978021978022,1526
1.61010989010989,0.7421978021978022,1527
1.6076923076923078,0.7413919413919414,1528
1.6068864468864468,0.7389743589743589,1529
1.601245421245421,0.7413919413919414,1530
1.606080586080586,0.7446153846153846,1531
1.6076923076923078,0.7413919413919414,1532
1.6044688644688643,0.7405860805860806,1533
1.602051282051282,0.7421978021978022,1534
1.605274725274725,0.7413919413919414,1535
1.6036630036630037,0.7421978021978022,1536
1.605274725274725,0.7413919413919414,1537
1.6076923076923078,0.7430036630036629,1538
1.602051282051282,0.7430036630036629,1539
1.606080586080586,0.7430036630036629,1540
1.6036630036630037,0.7421978021978022,1541
1.605274725274725,0.7413919413919414,1542
1.5964102564102562,0.7430036630036629,1543
1.602051282051282,0.7421978021978022,1544
1.606080586080586,0.7413919413919414,1545
1.6109157509157508,0.7413919413919414,1546
1.6068864468864468,0.7430036630036629,1547
1.6076923076923078,0.7430036630036629,1548
1.602051282051282,0.7413919413919414,1549
1.598021978021978,0.7421978021978022,1550
1.6036630036630037,0.7405860805860806,1551
1.6028571428571428,0.7430036630036629,1552
1.601245421245421,0.7413919413919414,1553
1.6044688644688643,0.7413919413919414,1554
1.597216117216117,0.7438095238095237,1555
1.602051282051282,0.7421978021978022,1556
1.602051282051282,0.7389743589743589,1557
1.605274725274725,0.7430036630036629,1558
1.6004395604395603,0.7430036630036629,1559
1.6093040293040293,0.7430036630036629,1560
1.6028571428571428,0.7413919413919414,1561
1.605274725274725,0.7405860805860806,1562
1.6036630036630037,0.7421978021978022,1563
1.6044688644688643,0.7430036630036629,1564
1.6028571428571428,0.7438095238095237,1565
1.6028571428571428,0.7413919413919414,1566
1.605274725274725,0.7421978021978022,1567
1.606080586080586,0.7430036630036629,1568
1.606080586080586,0.7438095238095237,1569
1.6028571428571428,0.7413919413919414,1570
1.6044688644688643,0.7446153846153846,1571
1.6028571428571428,0.7430036630036629,1572
1.5996336996336997,0.7430036630036629,1573
1.5964102564102562,0.7413919413919414,1574
1.6036630036630037,0.7421978021978022,1575
1.6044688644688643,0.7430036630036629,1576
1.606080586080586,0.7421978021978022,1577
1.606080586080586,0.7438095238095237,1578
1.614139194139194,0.7421978021978022,1579
1.61010989010989,0.7413919413919414,1580
1.6028571428571428,0.7438095238095237,1581
1.598021978021978,0.7430036630036629,1582
1.5988278388278387,0.7421978021978022,1583
1.601245421245421,0.7421978021978022,1584
1.605274725274725,0.7430036630036629,1585
1.6084981684981683,0.7421978021978022,1586
1.6068864468864468,0.7397802197802197,1587
1.602051282051282,0.7421978021978022,1588
1.6036630036630037,0.7430036630036629,1589
1.6004395604395603,0.7430036630036629,1590
1.6004395604395603,0.7421978021978022,1591
1.6036630036630037,0.7430036630036629,1592
1.5988278388278387,0.7413919413919414,1593
1.6076923076923078,0.7430036630036629,1594
1.6084981684981683,0.7421978021978022,1595
1.606080586080586,0.7413919413919414,1596
1.6044688644688643,0.7430036630036629,1597
1.601245421245421,0.7438095238095237,1598
1.602051282051282,0.7421978021978022,1599
1.6109157509157508,0.7438095238095237,1600
1.602051282051282,0.7421978021978022,1601
1.6044688644688643,0.7421978021978022,1602
1.606080586080586,0.7438095238095237,1603
1.61010989010989,0.7413919413919414,1604
1.6028571428571428,0.7413919413919414,1605
1.6028571428571428,0.7446153846153846,1606
1.605274725274725,0.7413919413919414,1607
1.6076923076923078,0.7421978021978022,1608
1.6028571428571428,0.7430036630036629,1609
1.602051282051282,0.7430036630036629,1610
1.606080586080586,0.7413919413919414,1611
1.6004395604395603,0.7413919413919414,1612
1.5988278388278387,0.7413919413919414,1613
1.6068864468864468,0.7421978021978022,1614
1.6117216117216118,0.7430036630036629,1615
1.6076923076923078,0.7405860805860806,1616
1.6068864468864468,0.7405860805860806,1617
1.6068864468864468,0.7438095238095237,1618
1.614139194139194,0.7430036630036629,1619
1.6036630036630037,0.7421978021978022,1620
1.5956043956043957,0.7413919413919414,1621
1.602051282051282,0.7421978021978022,1622
1.6004395604395603,0.7430036630036629,1623
1.598021978021978,0.7421978021978022,1624
1.6004395604395603,0.7413919413919414,1625
1.6076923076923078,0.7413919413919414,1626
1.6084981684981683,0.7438095238095237,1627
1.6068864468864468,0.7405860805860806,1628
1.6028571428571428,0.7430036630036629,1629
1.6028571428571428,0.7446153846153846,1630
1.605274725274725,0.7421978021978022,1631
1.5988278388278387,0.7421978021978022,1632
1.6028571428571428,0.7421978021978022,1633
1.606080586080586,0.7446153846153846,1634
1.6028571428571428,0.7421978021978022,1635
1.601245421245421,0.7405860805860806,1636
1.6004395604395603,0.7430036630036629,1637
1.6084981684981683,0.7413919413919414,1638
1.602051282051282,0.7421978021978022,1639
1.6044688644688643,0.7413919413919414,1640
1.6028571428571428,0.7413919413919414,1641
1.601245421245421,0.7413919413919414,1642
1.606080586080586,0.7421978021978022,1643
1.6076923076923078,0.7421978021978022,1644
1.6068864468864468,0.7413919413919414,1645
1.6044688644688643,0.7413919413919414,1646
1.598021978021978,0.7413919413919414,1647
1.5996336996336997,0.7405860805860806,1648
1.6084981684981683,0.7430036630036629,1649
1.6084981684981683,0.7421978021978022,1650
1.6084981684981683,0.7430036630036629,1651
1.6004395604395603,0.7413919413919414,1652
1.6028571428571428,0.7421978021978022,1653
1.6068864468864468,0.7413919413919414,1654
1.606080586080586,0.7430036630036629,1655
1.602051282051282,0.7430036630036629,1656
1.6036630036630037,0.7438095238095237,1657
1.6076923076923078,0.7421978021978022,1658
1.606080586080586,0.7421978021978022,1659
1.6076923076923078,0.7438095238095237,1660
1.6036630036630037,0.7430036630036629,1661
1.601245421245421,0.7421978021978022,1662
1.6028571428571428,0.7430036630036629,1663
1.5988278388278387,0.7430036630036629,1664
1.597216117216117,0.7421978021978022,1665
1.6068864468864468,0.7421978021978022,1666
1.6093040293040293,0.7421978021978022,1667
1.6076923076923078,0.7421978021978022,1668
1.5988278388278387,0.7421978021978022,1669
1.605274725274725,0.7421978021978022,1670
1.605274725274725,0.7430036630036629,1671
1.61010989010989,0.7446153846153846,1672
1.6093040293040293,0.7413919413919414,1673
1.6076923076923078,0.7421978021978022,1674
1.606080586080586,0.7413919413919414,1675
1.6028571428571428,0.7438095238095237,1676
1.618168498168498,0.7421978021978022,1677
1.6068864468864468,0.7430036630036629,1678
1.6044688644688643,0.7413919413919414,1679
1.6036630036630037,0.7413919413919414,1680
1.602051282051282,0.7421978021978022,1681
1.6093040293040293,0.7413919413919414,1682
1.606080586080586,0.7397802197802197,1683
1.6068864468864468,0.7413919413919414,1684
1.605274725274725,0.7438095238095237,1685
1.606080586080586,0.7421978021978022,1686
1.597216117216117,0.7413919413919414,1687
1.601245421245421,0.7421978021978022,1688
1.597216117216117,0.7421978021978022,1689
1.6044688644688643,0.7413919413919414,1690
1.6004395604395603,0.7438095238095237,1691
1.5996336996336997,0.7421978021978022,1692
1.598021978021978,0.7438095238095237,1693
1.597216117216117,0.7430036630036629,1694
1.601245421245421,0.7421978021978022,1695
1.6093040293040293,0.7421978021978022,1696
1.5996336996336997,0.7405860805860806,1697
1.601245421245421,0.7421978021978022,1698
1.6076923076923078,0.7421978021978022,1699
1.6028571428571428,0.7421978021978022,1700
1.606080586080586,0.7405860805860806,1701
1.6028571428571428,0.7421978021978022,1702
1.606080586080586,0.7421978021978022,1703
1.6093040293040293,0.7413919413919414,1704
1.6028571428571428,0.7413919413919414,1705
1.5988278388278387,0.7446153846153846,1706
1.6036630036630037,0.7413919413919414,1707
1.6093040293040293,0.7413919413919414,1708
1.6044688644688643,0.7421978021978022,1709
1.602051282051282,0.7421978021978022,1710
1.606080586080586,0.7413919413919414,1711
1.5956043956043957,0.7421978021978022,1712
1.601245421245421,0.7438095238095237,1713
1.6076923076923078,0.7421978021978022,1714
1.6076923076923078,0.7421978021978022,1715
1.5996336996336997,0.7413919413919414,1716
1.602051282051282,0.7413919413919414,1717
1.6028571428571428,0.7413919413919414,1718
1.606080586080586,0.7405860805860806,1719
1.6125274725274723,0.7413919413919414,1720
1.602051282051282,0.7413919413919414,1721
1.6028571428571428,0.7421978021978022,1722
1.5996336996336997,0.7413919413919414,1723
1.6036630036630037,0.7421978021978022,1724
1.6084981684981683,0.7413919413919414,1725
1.606080586080586,0.7405860805860806,1726
1.602051282051282,0.7438095238095237,1727
1.6093040293040293,0.7430036630036629,1728
1.606080586080586,0.7405860805860806,1729
1.5947985347985347,0.7430036630036629,1730
1.601245421245421,0.7430036630036629,1731
1.5996336996336997,0.7421978021978022,1732
1.605274725274725,0.7413919413919414,1733
1.6117216117216118,0.7430036630036629,1734
